﻿<?xml version="1.0" encoding="utf-8"?>
<OPERATING_MODE_REGISTER>
	<REGISTER Name="HST_MODE" Offset="0" Size="1" />
	<REGISTER Name="RESET_DETECT" Offset="1" Size="1" />
	<REGISTER Name="COMMAND" Offset="2" Size="1" />
	<REGISTER Name="CMD_DATA1" Offset="3" Size="1" />
	<REGISTER Name="CMD_DATA2" Offset="4" Size="1" />
	<REGISTER Name="CMD_DATA3" Offset="5" Size="1" />
	<REGISTER Name="CMD_DATA4" Offset="6" Size="1" />
	<REGISTER Name="CMD_DATA5" Offset="7" Size="1" />
	<REGISTER Name="CMD_DATA6" Offset="8" Size="1" />
	<REGISTER Name="REP_LEN" Offset="9" Size="1" />
	<REGISTER Name="REP_STAT" Offset="10" Size="1" />
	<REGISTER Name="TT_STAT" Offset="27" Size="1" />
	<REGISTER Name="TOUCH_X1" Offset="28" Size="2" />
	<REGISTER Name="TOUCH_Y1" Offset="30" Size="2" />
	<REGISTER Name="TOUCH_Z1" Offset="32" Size="1" />
	<REGISTER Name="TOUCH_ID1" Offset="33" Size="1" />
	<REGISTER Name="TOUCH_OBJECT1" Offset="34" Size="1" />
	<REGISTER Name="TOUCH_MAJOR1" Offset="35" Size="1" />
	<REGISTER Name="TOUCH_MINOR1" Offset="36" Size="1" />
	<REGISTER Name="TOUCH_ORIENTATION1" Offset="37" Size="1" />
	<REGISTER Name="TOUCH_X2" Offset="38" Size="2" />
	<REGISTER Name="TOUCH_Y2" Offset="40" Size="2" />
	<REGISTER Name="TOUCH_Z2" Offset="42" Size="1" />
	<REGISTER Name="TOUCH_ID2" Offset="43" Size="1" />
	<REGISTER Name="TOUCH_OBJECT2" Offset="44" Size="1" />
	<REGISTER Name="TOUCH_MAJOR2" Offset="45" Size="1" />
	<REGISTER Name="TOUCH_MINOR2" Offset="46" Size="1" />
	<REGISTER Name="TOUCH_ORIENTATION2" Offset="47" Size="1" />
	<REGISTER Name="TOUCH_X3" Offset="48" Size="2" />
	<REGISTER Name="TOUCH_Y3" Offset="50" Size="2" />
	<REGISTER Name="TOUCH_Z3" Offset="52" Size="1" />
	<REGISTER Name="TOUCH_ID3" Offset="53" Size="1" />
	<REGISTER Name="TOUCH_OBJECT3" Offset="54" Size="1" />
	<REGISTER Name="TOUCH_MAJOR3" Offset="55" Size="1" />
	<REGISTER Name="TOUCH_MINOR3" Offset="56" Size="1" />
	<REGISTER Name="TOUCH_ORIENTATION3" Offset="57" Size="1" />
	<REGISTER Name="TOUCH_X4" Offset="58" Size="2" />
	<REGISTER Name="TOUCH_Y4" Offset="60" Size="2" />
	<REGISTER Name="TOUCH_Z4" Offset="62" Size="1" />
	<REGISTER Name="TOUCH_ID4" Offset="63" Size="1" />
	<REGISTER Name="TOUCH_OBJECT4" Offset="64" Size="1" />
	<REGISTER Name="TOUCH_MAJOR4" Offset="65" Size="1" />
	<REGISTER Name="TOUCH_MINOR4" Offset="66" Size="1" />
	<REGISTER Name="TOUCH_ORIENTATION4" Offset="67" Size="1" />
	<REGISTER Name="TOUCH_X5" Offset="68" Size="2" />
	<REGISTER Name="TOUCH_Y5" Offset="70" Size="2" />
	<REGISTER Name="TOUCH_Z5" Offset="72" Size="1" />
	<REGISTER Name="TOUCH_ID5" Offset="73" Size="1" />
	<REGISTER Name="TOUCH_OBJECT5" Offset="74" Size="1" />
	<REGISTER Name="TOUCH_MAJOR5" Offset="75" Size="1" />
	<REGISTER Name="TOUCH_MINOR5" Offset="76" Size="1" />
	<REGISTER Name="TOUCH_ORIENTATION5" Offset="77" Size="1" />
	<REGISTER Name="TOUCH_X6" Offset="78" Size="2" />
	<REGISTER Name="TOUCH_Y6" Offset="80" Size="2" />
	<REGISTER Name="TOUCH_Z6" Offset="82" Size="1" />
	<REGISTER Name="TOUCH_ID6" Offset="83" Size="1" />
	<REGISTER Name="TOUCH_OBJECT6" Offset="84" Size="1" />
	<REGISTER Name="TOUCH_MAJOR6" Offset="85" Size="1" />
	<REGISTER Name="TOUCH_MINOR6" Offset="86" Size="1" />
	<REGISTER Name="TOUCH_ORIENTATION6" Offset="87" Size="1" />
	<REGISTER Name="TOUCH_X7" Offset="88" Size="2" />
	<REGISTER Name="TOUCH_Y7" Offset="90" Size="2" />
	<REGISTER Name="TOUCH_Z7" Offset="92" Size="1" />
	<REGISTER Name="TOUCH_ID7" Offset="93" Size="1" />
	<REGISTER Name="TOUCH_OBJECT7" Offset="94" Size="1" />
	<REGISTER Name="TOUCH_MAJOR7" Offset="95" Size="1" />
	<REGISTER Name="TOUCH_MINOR7" Offset="96" Size="1" />
	<REGISTER Name="TOUCH_ORIENTATION7" Offset="97" Size="1" />
	<REGISTER Name="TOUCH_X8" Offset="98" Size="2" />
	<REGISTER Name="TOUCH_Y8" Offset="100" Size="2" />
	<REGISTER Name="TOUCH_Z8" Offset="102" Size="1" />
	<REGISTER Name="TOUCH_ID8" Offset="103" Size="1" />
	<REGISTER Name="TOUCH_OBJECT8" Offset="104" Size="1" />
	<REGISTER Name="TOUCH_MAJOR8" Offset="105" Size="1" />
	<REGISTER Name="TOUCH_MINOR8" Offset="106" Size="1" />
	<REGISTER Name="TOUCH_ORIENTATION8" Offset="107" Size="1" />
	<REGISTER Name="TOUCH_X9" Offset="108" Size="2" />
	<REGISTER Name="TOUCH_Y9" Offset="110" Size="2" />
	<REGISTER Name="TOUCH_Z9" Offset="112" Size="1" />
	<REGISTER Name="TOUCH_ID9" Offset="113" Size="1" />
	<REGISTER Name="TOUCH_OBJECT9" Offset="114" Size="1" />
	<REGISTER Name="TOUCH_MAJOR9" Offset="115" Size="1" />
	<REGISTER Name="TOUCH_MINOR9" Offset="116" Size="1" />
	<REGISTER Name="TOUCH_ORIENTATION9" Offset="117" Size="1" />
	<REGISTER Name="TOUCH_X10" Offset="118" Size="2" />
	<REGISTER Name="TOUCH_Y10" Offset="120" Size="2" />
	<REGISTER Name="TOUCH_Z10" Offset="122" Size="1" />
	<REGISTER Name="TOUCH_ID10" Offset="123" Size="1" />
	<REGISTER Name="TOUCH_OBJECT10" Offset="124" Size="1" />
	<REGISTER Name="TOUCH_MAJOR10" Offset="125" Size="1" />
	<REGISTER Name="TOUCH_MINOR10" Offset="126" Size="1" />
	<REGISTER Name="TOUCH_ORIENTATION10" Offset="127" Size="1" />
	<REGISTER Name="SENSOR_DATA" Offset="128" Size="60" />
	<REGISTER Name="VIEW_VARIABLE_DATA" Offset="188" Size="16" />
</OPERATING_MODE_REGISTER>