﻿<?xml version="1.0" encoding="UTF-8"?>
<PROJECT_INFORMATION>
  <DEVICE_INFORMATION ARCHITECTURE="GEN7" />
  <TOUCHPANEL_INFO AXIS_ASSIGNMENT="0" EXTERN_SYNC="0">
    <X_AXIS_INFO RESOLUTION="4100" SLOT_NUMBER="1">
      <SENSORS_LIST>
        <SENSOR PIN_NAME="XY09" SENSOR="X0" CHANNEL="4" TYPE="Rx" SLOT_NUMBER="0,0" />
        <SENSOR PIN_NAME="XY10" SENSOR="X1" CHANNEL="5" TYPE="Rx" SLOT_NUMBER="0,0" />
        <SENSOR PIN_NAME="XY11" SENSOR="X2" CHANNEL="6" TYPE="Rx" SLOT_NUMBER="0,0" />
        <SENSOR PIN_NAME="XY12" SENSOR="X3" CHANNEL="7" TYPE="Rx" SLOT_NUMBER="0,0" />
        <SENSOR PIN_NAME="XY13" SENSOR="X4" CHANNEL="8" TYPE="Rx" SLOT_NUMBER="0,0" />
        <SENSOR PIN_NAME="XY14" SENSOR="X5" CHANNEL="9" TYPE="Rx" SLOT_NUMBER="0,0" />
        <SENSOR PIN_NAME="XY15" SENSOR="X6" CHANNEL="10" TYPE="Rx" SLOT_NUMBER="0,0" />
        <SENSOR PIN_NAME="XY16" SENSOR="X7" CHANNEL="11" TYPE="Rx" SLOT_NUMBER="0,0" />
        <SENSOR PIN_NAME="XY17" SENSOR="X8" CHANNEL="12" TYPE="Rx" SLOT_NUMBER="0,0" />
        <SENSOR PIN_NAME="XY18" SENSOR="X9" CHANNEL="13" TYPE="Rx" SLOT_NUMBER="0,0" />
        <SENSOR PIN_NAME="XY19" SENSOR="X10" CHANNEL="14" TYPE="Rx" SLOT_NUMBER="0,0" />
        <SENSOR PIN_NAME="XY60" SENSOR="X11" CHANNEL="42" TYPE="Rx" SLOT_NUMBER="0,0" />
        <SENSOR PIN_NAME="XY59" SENSOR="X12" CHANNEL="41" TYPE="Rx" SLOT_NUMBER="0,0" />
        <SENSOR PIN_NAME="XY58" SENSOR="X13" CHANNEL="40" TYPE="Rx" SLOT_NUMBER="0,0" />
        <SENSOR PIN_NAME="XY57" SENSOR="X14" CHANNEL="39" TYPE="Rx" SLOT_NUMBER="0,0" />
        <SENSOR PIN_NAME="XY56" SENSOR="X15" CHANNEL="38" TYPE="Rx" SLOT_NUMBER="0,0" />
        <SENSOR PIN_NAME="XY55" SENSOR="X16" CHANNEL="37" TYPE="Rx" SLOT_NUMBER="0,0" />
        <SENSOR PIN_NAME="XY54" SENSOR="X17" CHANNEL="36" TYPE="Rx" SLOT_NUMBER="0,0" />
        <SENSOR PIN_NAME="XY53" SENSOR="X18" CHANNEL="35" TYPE="Rx" SLOT_NUMBER="0,0" />
        <SENSOR PIN_NAME="XY52" SENSOR="X19" CHANNEL="34" TYPE="Rx" SLOT_NUMBER="0,0" />
        <SENSOR PIN_NAME="XY51" SENSOR="X20" CHANNEL="33" TYPE="Rx" SLOT_NUMBER="0,0" />
        <SENSOR PIN_NAME="XY50" SENSOR="X21" CHANNEL="32" TYPE="Rx" SLOT_NUMBER="0,0" />
        <SENSOR PIN_NAME="XY49" SENSOR="X22" CHANNEL="63" TYPE="Rx" SLOT_NUMBER="0,0" />
        <SENSOR PIN_NAME="XY38" SENSOR="X23" CHANNEL="52" TYPE="Rx" SLOT_NUMBER="0,0" />
        <SENSOR PIN_NAME="XY39" SENSOR="X24" CHANNEL="53" TYPE="Rx" SLOT_NUMBER="0,0" />
        <SENSOR PIN_NAME="XY40" SENSOR="X25" CHANNEL="54" TYPE="Rx" SLOT_NUMBER="0,0" />
        <SENSOR PIN_NAME="XY41" SENSOR="X26" CHANNEL="55" TYPE="Rx" SLOT_NUMBER="0,0" />
        <SENSOR PIN_NAME="XY42" SENSOR="X27" CHANNEL="56" TYPE="Rx" SLOT_NUMBER="0,0" />
        <SENSOR PIN_NAME="XY43" SENSOR="X28" CHANNEL="57" TYPE="Rx" SLOT_NUMBER="0,0" />
        <SENSOR PIN_NAME="XY44" SENSOR="X29" CHANNEL="58" TYPE="Rx" SLOT_NUMBER="0,0" />
        <SENSOR PIN_NAME="XY45" SENSOR="X30" CHANNEL="59" TYPE="Rx" SLOT_NUMBER="0,0" />
        <SENSOR PIN_NAME="XY46" SENSOR="X31" CHANNEL="60" TYPE="Rx" SLOT_NUMBER="0,0" />
        <SENSOR PIN_NAME="XY47" SENSOR="X32" CHANNEL="61" TYPE="Rx" SLOT_NUMBER="0,0" />
        <SENSOR PIN_NAME="XY48" SENSOR="X33" CHANNEL="62" TYPE="Rx" SLOT_NUMBER="0,0" />
        <SENSOR PIN_NAME="XY31" SENSOR="X34" CHANNEL="45" TYPE="Rx" SLOT_NUMBER="0,0" />
        <SENSOR PIN_NAME="XY32" SENSOR="X35" CHANNEL="46" TYPE="Rx" SLOT_NUMBER="0,0" />
        <SENSOR PIN_NAME="XY33" SENSOR="X36" CHANNEL="47" TYPE="Rx" SLOT_NUMBER="0,0" />
        <SENSOR PIN_NAME="XY34" SENSOR="X37" CHANNEL="48" TYPE="Rx" SLOT_NUMBER="0,0" />
        <SENSOR PIN_NAME="XY35" SENSOR="X38" CHANNEL="49" TYPE="Rx" SLOT_NUMBER="0,0" />
        <SENSOR PIN_NAME="XY36" SENSOR="X39" CHANNEL="50" TYPE="Rx" SLOT_NUMBER="0,0" />
        <SENSOR PIN_NAME="XY37" SENSOR="X40" CHANNEL="51" TYPE="Rx" SLOT_NUMBER="0,0" />
      </SENSORS_LIST>
    </X_AXIS_INFO>
    <Y_AXIS_INFO RESOLUTION="1600" SLOT_NUMBER="1">
      <SENSORS_LIST>
        <SENSOR PIN_NAME="XY08" SENSOR="Y0" CHANNEL="3" TYPE="Tx" SLOT_NUMBER="0,0" />
        <SENSOR PIN_NAME="XY07" SENSOR="Y1" CHANNEL="2" TYPE="Tx" SLOT_NUMBER="0,0" />
        <SENSOR PIN_NAME="XY06" SENSOR="Y2" CHANNEL="1" TYPE="Tx" SLOT_NUMBER="0,0" />
        <SENSOR PIN_NAME="XY05" SENSOR="Y3" CHANNEL="0" TYPE="Tx" SLOT_NUMBER="0,0" />
        <SENSOR PIN_NAME="XY04" SENSOR="Y4" CHANNEL="31" TYPE="Tx" SLOT_NUMBER="0,0" />
        <SENSOR PIN_NAME="XY03" SENSOR="Y5" CHANNEL="30" TYPE="Tx" SLOT_NUMBER="0,0" />
        <SENSOR PIN_NAME="XY02" SENSOR="Y6" CHANNEL="29" TYPE="Tx" SLOT_NUMBER="0,0" />
        <SENSOR PIN_NAME="XY01" SENSOR="Y7" CHANNEL="28" TYPE="Tx" SLOT_NUMBER="0,0" />
        <SENSOR PIN_NAME="XY00" SENSOR="Y8" CHANNEL="27" TYPE="Tx" SLOT_NUMBER="0,0" />
        <SENSOR PIN_NAME="XY26" SENSOR="Y9" CHANNEL="21" TYPE="Tx" SLOT_NUMBER="0,0" />
        <SENSOR PIN_NAME="XY25" SENSOR="Y10" CHANNEL="20" TYPE="Tx" SLOT_NUMBER="0,0" />
        <SENSOR PIN_NAME="XY24" SENSOR="Y11" CHANNEL="19" TYPE="Tx" SLOT_NUMBER="0,0" />
        <SENSOR PIN_NAME="XY23" SENSOR="Y12" CHANNEL="18" TYPE="Tx" SLOT_NUMBER="0,0" />
        <SENSOR PIN_NAME="XY22" SENSOR="Y13" CHANNEL="17" TYPE="Tx" SLOT_NUMBER="0,0" />
        <SENSOR PIN_NAME="XY21" SENSOR="Y14" CHANNEL="16" TYPE="Tx" SLOT_NUMBER="0,0" />
        <SENSOR PIN_NAME="XY20" SENSOR="Y15" CHANNEL="15" TYPE="Tx" SLOT_NUMBER="0,0" />
      </SENSORS_LIST>
    </Y_AXIS_INFO>
  </TOUCHPANEL_INFO>
  <CAPSENSEBUTTONS_INFO BUTTON_MODE="1" TX_BUTTON_NUM="0" TX_BUTTON_SLOT_NUM="0" RX_BUTTON_NUM="0" RX_BUTTON_SLOT_NUM="0">
    <SENSORS_LIST />
  </CAPSENSEBUTTONS_INFO>
  <FORCETOUCH_INFO TX_NUM="0" RX_NUM="0">
    <SENSORS_LIST />
  </FORCETOUCH_INFO>
  <SLIDER_INFO TX_NUM="0" RX_NUM="0" TX_RESOLUTION="0" RX_RESOLUTION="3700">
    <SENSORS_LIST />
  </SLIDER_INFO>
</PROJECT_INFORMATION>